id,name,model_id:id,group_id:id,perm_read,perm_write,perm_create,perm_unlink
access_employees_management_employees_management,employees_management.employees_management,model_employees_management_employees_management,base.group_user,1,1,1,1
access_employees_management_employee_family,employees_management.employee_family,model_employees_management_employee_family,base.group_user,1,1,1,1
access_employees_management_employee_language,employees_management.employee_language,model_employees_management_employee_language,base.group_user,1,1,1,1
access_employees_management_employee_software,employees_management.employee_software,model_employees_management_employee_software,base.group_user,1,1,1,1
access_employees_management_employee_friend,employees_management.employee_friend,model_employees_management_employee_friend,base.group_user,1,1,1,1
access_employees_management_employee_friend_ref,employees_management.employee_friend_ref,model_employees_management_employee_friend_ref,base.group_user,1,1,1,1